<?xml version="1.0"?>
<CZPTTCISMessage xmlns:xsd="http://www.w3.org/2001/XMLSchema" xmlns:xsi="http://www.w3.org/2001/XMLSchema-instance">
  <Identifiers>
    <PlannedTransportIdentifiers>
      <ObjectType>PA</ObjectType>
      <Company>0054</Company>
      <Core>KT----11737A</Core>
      <Variant>00</Variant>
      <TimetableYear>2023</TimetableYear>
    </PlannedTransportIdentifiers>
    <PlannedTransportIdentifiers>
      <ObjectType>TR</ObjectType>
      <Company>1154</Company>
      <Core>KASO----881A</Core>
      <Variant>01</Variant>
      <TimetableYear>2023</TimetableYear>
    </PlannedTransportIdentifiers>
  </Identifiers>
  <CZPTTCreation>2022-11-26T11:09:51</CZPTTCreation>
  <CZPTTHeader />
  <CZPTTInformation>
    <CZPTTLocation>
      <Location>
        <CountryCodeISO>CZ</CountryCodeISO>
        <LocationPrimaryCode>54300</LocationPrimaryCode>
        <PrimaryLocationName>Turnov</PrimaryLocationName>
        <LocationSubsidiaryIdentification>
          <LocationSubsidiaryCode LocationSubsidiaryTypeCode="1">11</LocationSubsidiaryCode>
          <AllocationCompany>0054</AllocationCompany>
        </LocationSubsidiaryIdentification>
      </Location>
      <TimingAtLocation>
        <Timing TimingQualifierCode="ALD">
          <Time>17:28:00.0000000+01:00</Time>
          <Offset>0</Offset>
        </Timing>
      </TimingAtLocation>
      <ResponsibleRU>1154</ResponsibleRU>
      <ResponsibleIM>54</ResponsibleIM>
      <TrainType>1</TrainType>
      <TrafficType>C3</TrafficType>
      <CommercialTrafficType>122</CommercialTrafficType>
      <TrainActivity>
        <TrainActivityType>0001</TrainActivityType>
      </TrainActivity>
      <OperationalTrainNumber>2001</OperationalTrainNumber>
      <NetworkSpecificParameter>
        <Name>CZPassengerServiceNumber</Name>
        <Value>5205</Value>
      </NetworkSpecificParameter>
      <NetworkSpecificParameter>
        <Name>CZPublicService</Name>
        <Value>1</Value>
      </NetworkSpecificParameter>
      <NetworkSpecificParameter>
        <Name>CZPassengerPublicTransportOrderingCoName</Name>
        <Value>Královéhradecký kraj</Value>
      </NetworkSpecificParameter>
      <NetworkSpecificParameter>
        <Name>CZAlternativeTransport</Name>
        <Value>0</Value>
      </NetworkSpecificParameter>
    </CZPTTLocation>
    <CZPTTLocation>
      <Location>
        <CountryCodeISO>CZ</CountryCodeISO>
        <LocationPrimaryCode>58088</LocationPrimaryCode>
        <PrimaryLocationName>Turnov stavědlo 4</PrimaryLocationName>
      </Location>
      <TimingAtLocation>
        <Timing TimingQualifierCode="ALA">
          <Time>17:29:30.0000000+01:00</Time>
          <Offset>0</Offset>
        </Timing>
        <Timing TimingQualifierCode="ALD">
          <Time>17:30:00.0000000+01:00</Time>
          <Offset>0</Offset>
        </Timing>
        <DwellTime>0.5</DwellTime>
      </TimingAtLocation>
      <ResponsibleRU>1154</ResponsibleRU>
      <ResponsibleIM>54</ResponsibleIM>
      <TrainType>1</TrainType>
      <TrafficType>C3</TrafficType>
      <CommercialTrafficType>122</CommercialTrafficType>
      <TrainActivity>
        <TrainActivityType>0002</TrainActivityType>
      </TrainActivity>
      <OperationalTrainNumber>2001</OperationalTrainNumber>
      <NetworkSpecificParameter>
        <Name>CZPassengerServiceNumber</Name>
        <Value>5205</Value>
      </NetworkSpecificParameter>
      <NetworkSpecificParameter>
        <Name>CZPublicService</Name>
        <Value>1</Value>
      </NetworkSpecificParameter>
      <NetworkSpecificParameter>
        <Name>CZPassengerPublicTransportOrderingCoName</Name>
        <Value>Královéhradecký kraj</Value>
      </NetworkSpecificParameter>
      <NetworkSpecificParameter>
        <Name>CZAlternativeTransport</Name>
        <Value>0</Value>
      </NetworkSpecificParameter>
    </CZPTTLocation>
    <CZPTTLocation>
      <Location>
        <CountryCodeISO>CZ</CountryCodeISO>
        <LocationPrimaryCode>58031</LocationPrimaryCode>
        <PrimaryLocationName>Turnov kolej č. 23</PrimaryLocationName>
        <LocationSubsidiaryIdentification>
          <LocationSubsidiaryCode LocationSubsidiaryTypeCode="1">23</LocationSubsidiaryCode>
          <AllocationCompany>0054</AllocationCompany>
        </LocationSubsidiaryIdentification>
      </Location>
      <TimingAtLocation>
        <Timing TimingQualifierCode="ALA">
          <Time>17:31:00.0000000+01:00</Time>
          <Offset>0</Offset>
        </Timing>
        <Timing TimingQualifierCode="ALD">
          <Time>17:31:30.0000000+01:00</Time>
          <Offset>0</Offset>
        </Timing>
        <DwellTime>0.5</DwellTime>
      </TimingAtLocation>
      <ResponsibleRU>1154</ResponsibleRU>
      <ResponsibleIM>54</ResponsibleIM>
      <TrainType>1</TrainType>
      <TrafficType>C3</TrafficType>
      <CommercialTrafficType>122</CommercialTrafficType>
      <TrainActivity>
        <TrainActivityType>0002</TrainActivityType>
      </TrainActivity>
      <OperationalTrainNumber>2001</OperationalTrainNumber>
      <NetworkSpecificParameter>
        <Name>CZPassengerServiceNumber</Name>
        <Value>5205</Value>
      </NetworkSpecificParameter>
      <NetworkSpecificParameter>
        <Name>CZPublicService</Name>
        <Value>1</Value>
      </NetworkSpecificParameter>
      <NetworkSpecificParameter>
        <Name>CZPassengerPublicTransportOrderingCoName</Name>
        <Value>Královéhradecký kraj</Value>
      </NetworkSpecificParameter>
      <NetworkSpecificParameter>
        <Name>CZAlternativeTransport</Name>
        <Value>0</Value>
      </NetworkSpecificParameter>
    </CZPTTLocation>
    <CZPTTLocation>
      <Location>
        <CountryCodeISO>CZ</CountryCodeISO>
        <LocationPrimaryCode>55320</LocationPrimaryCode>
        <PrimaryLocationName>Turnov město</PrimaryLocationName>
      </Location>
      <TimingAtLocation>
        <Timing TimingQualifierCode="ALA">
          <Time>17:33:30.0000000+01:00</Time>
          <Offset>0</Offset>
        </Timing>
        <Timing TimingQualifierCode="ALD">
          <Time>17:34:00.0000000+01:00</Time>
          <Offset>0</Offset>
        </Timing>
        <DwellTime>0.5</DwellTime>
      </TimingAtLocation>
      <ResponsibleRU>1154</ResponsibleRU>
      <ResponsibleIM>54</ResponsibleIM>
      <TrainType>1</TrainType>
      <TrafficType>C3</TrafficType>
      <CommercialTrafficType>122</CommercialTrafficType>
      <TrainActivity>
        <TrainActivityType>0001</TrainActivityType>
      </TrainActivity>
      <OperationalTrainNumber>2001</OperationalTrainNumber>
      <NetworkSpecificParameter>
        <Name>CZPassengerServiceNumber</Name>
        <Value>5205</Value>
      </NetworkSpecificParameter>
      <NetworkSpecificParameter>
        <Name>CZPublicService</Name>
        <Value>1</Value>
      </NetworkSpecificParameter>
      <NetworkSpecificParameter>
        <Name>CZPassengerPublicTransportOrderingCoName</Name>
        <Value>Královéhradecký kraj</Value>
      </NetworkSpecificParameter>
      <NetworkSpecificParameter>
        <Name>CZAlternativeTransport</Name>
        <Value>0</Value>
      </NetworkSpecificParameter>
    </CZPTTLocation>
    <CZPTTLocation>
      <Location>
        <CountryCodeISO>CZ</CountryCodeISO>
        <LocationPrimaryCode>55330</LocationPrimaryCode>
        <PrimaryLocationName>Karlovice-Sedmihorky</PrimaryLocationName>
        <LocationSubsidiaryIdentification>
          <LocationSubsidiaryCode LocationSubsidiaryTypeCode="1">1</LocationSubsidiaryCode>
          <AllocationCompany>0054</AllocationCompany>
        </LocationSubsidiaryIdentification>
      </Location>
      <TimingAtLocation>
        <Timing TimingQualifierCode="ALA">
          <Time>17:38:30.0000000+01:00</Time>
          <Offset>0</Offset>
        </Timing>
        <Timing TimingQualifierCode="ALD">
          <Time>17:38:30.0000000+01:00</Time>
          <Offset>0</Offset>
        </Timing>
      </TimingAtLocation>
      <ResponsibleRU>1154</ResponsibleRU>
      <ResponsibleIM>54</ResponsibleIM>
      <TrainType>1</TrainType>
      <TrafficType>C3</TrafficType>
      <CommercialTrafficType>122</CommercialTrafficType>
      <TrainActivity>
        <TrainActivityType>0001</TrainActivityType>
      </TrainActivity>
      <TrainActivity>
        <TrainActivityType>CZ02</TrainActivityType>
      </TrainActivity>
      <TrainActivity>
        <TrainActivityType>0030</TrainActivityType>
      </TrainActivity>
      <OperationalTrainNumber>2001</OperationalTrainNumber>
      <NetworkSpecificParameter>
        <Name>CZPassengerServiceNumber</Name>
        <Value>5205</Value>
      </NetworkSpecificParameter>
      <NetworkSpecificParameter>
        <Name>CZPublicService</Name>
        <Value>1</Value>
      </NetworkSpecificParameter>
      <NetworkSpecificParameter>
        <Name>CZPassengerPublicTransportOrderingCoName</Name>
        <Value>Královéhradecký kraj</Value>
      </NetworkSpecificParameter>
      <NetworkSpecificParameter>
        <Name>CZAlternativeTransport</Name>
        <Value>0</Value>
      </NetworkSpecificParameter>
    </CZPTTLocation>
    <CZPTTLocation>
      <Location>
        <CountryCodeISO>CZ</CountryCodeISO>
        <LocationPrimaryCode>55340</LocationPrimaryCode>
        <PrimaryLocationName>Hrubá Skála</PrimaryLocationName>
        <LocationSubsidiaryIdentification>
          <LocationSubsidiaryCode LocationSubsidiaryTypeCode="1">1</LocationSubsidiaryCode>
          <AllocationCompany>0054</AllocationCompany>
        </LocationSubsidiaryIdentification>
      </Location>
      <TimingAtLocation>
        <Timing TimingQualifierCode="ALA">
          <Time>17:41:00.0000000+01:00</Time>
          <Offset>0</Offset>
        </Timing>
        <Timing TimingQualifierCode="ALD">
          <Time>17:42:00.0000000+01:00</Time>
          <Offset>0</Offset>
        </Timing>
        <DwellTime>1</DwellTime>
      </TimingAtLocation>
      <ResponsibleRU>1154</ResponsibleRU>
      <ResponsibleIM>54</ResponsibleIM>
      <TrainType>1</TrainType>
      <TrafficType>C3</TrafficType>
      <CommercialTrafficType>122</CommercialTrafficType>
      <TrainActivity>
        <TrainActivityType>0001</TrainActivityType>
      </TrainActivity>
      <OperationalTrainNumber>2001</OperationalTrainNumber>
      <NetworkSpecificParameter>
        <Name>CZPassengerServiceNumber</Name>
        <Value>5205</Value>
      </NetworkSpecificParameter>
      <NetworkSpecificParameter>
        <Name>CZPublicService</Name>
        <Value>1</Value>
      </NetworkSpecificParameter>
      <NetworkSpecificParameter>
        <Name>CZPassengerPublicTransportOrderingCoName</Name>
        <Value>Královéhradecký kraj</Value>
      </NetworkSpecificParameter>
      <NetworkSpecificParameter>
        <Name>CZAlternativeTransport</Name>
        <Value>0</Value>
      </NetworkSpecificParameter>
    </CZPTTLocation>
    <CZPTTLocation>
      <Location>
        <CountryCodeISO>CZ</CountryCodeISO>
        <LocationPrimaryCode>55350</LocationPrimaryCode>
        <PrimaryLocationName>Borek pod Troskami</PrimaryLocationName>
      </Location>
      <TimingAtLocation>
        <Timing TimingQualifierCode="ALA">
          <Time>17:45:00.0000000+01:00</Time>
          <Offset>0</Offset>
        </Timing>
        <Timing TimingQualifierCode="ALD">
          <Time>17:45:00.0000000+01:00</Time>
          <Offset>0</Offset>
        </Timing>
      </TimingAtLocation>
      <ResponsibleRU>1154</ResponsibleRU>
      <ResponsibleIM>54</ResponsibleIM>
      <TrainType>1</TrainType>
      <TrafficType>C3</TrafficType>
      <CommercialTrafficType>122</CommercialTrafficType>
      <TrainActivity>
        <TrainActivityType>0001</TrainActivityType>
      </TrainActivity>
      <TrainActivity>
        <TrainActivityType>CZ02</TrainActivityType>
      </TrainActivity>
      <TrainActivity>
        <TrainActivityType>0030</TrainActivityType>
      </TrainActivity>
      <OperationalTrainNumber>2001</OperationalTrainNumber>
      <NetworkSpecificParameter>
        <Name>CZPassengerServiceNumber</Name>
        <Value>5205</Value>
      </NetworkSpecificParameter>
      <NetworkSpecificParameter>
        <Name>CZPublicService</Name>
        <Value>1</Value>
      </NetworkSpecificParameter>
      <NetworkSpecificParameter>
        <Name>CZPassengerPublicTransportOrderingCoName</Name>
        <Value>Královéhradecký kraj</Value>
      </NetworkSpecificParameter>
      <NetworkSpecificParameter>
        <Name>CZAlternativeTransport</Name>
        <Value>0</Value>
      </NetworkSpecificParameter>
    </CZPTTLocation>
    <CZPTTLocation>
      <Location>
        <CountryCodeISO>CZ</CountryCodeISO>
        <LocationPrimaryCode>55360</LocationPrimaryCode>
        <PrimaryLocationName>Ktová</PrimaryLocationName>
      </Location>
      <TimingAtLocation>
        <Timing TimingQualifierCode="ALA">
          <Time>17:47:00.0000000+01:00</Time>
          <Offset>0</Offset>
        </Timing>
        <Timing TimingQualifierCode="ALD">
          <Time>17:47:00.0000000+01:00</Time>
          <Offset>0</Offset>
        </Timing>
      </TimingAtLocation>
      <ResponsibleRU>1154</ResponsibleRU>
      <ResponsibleIM>54</ResponsibleIM>
      <TrainType>1</TrainType>
      <TrafficType>C3</TrafficType>
      <CommercialTrafficType>122</CommercialTrafficType>
      <TrainActivity>
        <TrainActivityType>0001</TrainActivityType>
      </TrainActivity>
      <TrainActivity>
        <TrainActivityType>CZ02</TrainActivityType>
      </TrainActivity>
      <TrainActivity>
        <TrainActivityType>0030</TrainActivityType>
      </TrainActivity>
      <OperationalTrainNumber>2001</OperationalTrainNumber>
      <NetworkSpecificParameter>
        <Name>CZPassengerServiceNumber</Name>
        <Value>5205</Value>
      </NetworkSpecificParameter>
      <NetworkSpecificParameter>
        <Name>CZPublicService</Name>
        <Value>1</Value>
      </NetworkSpecificParameter>
      <NetworkSpecificParameter>
        <Name>CZPassengerPublicTransportOrderingCoName</Name>
        <Value>Královéhradecký kraj</Value>
      </NetworkSpecificParameter>
      <NetworkSpecificParameter>
        <Name>CZAlternativeTransport</Name>
        <Value>0</Value>
      </NetworkSpecificParameter>
    </CZPTTLocation>
    <CZPTTLocation>
      <Location>
        <CountryCodeISO>CZ</CountryCodeISO>
        <LocationPrimaryCode>55310</LocationPrimaryCode>
        <PrimaryLocationName>Rovensko pod Troskami</PrimaryLocationName>
        <LocationSubsidiaryIdentification>
          <LocationSubsidiaryCode LocationSubsidiaryTypeCode="1">1</LocationSubsidiaryCode>
          <AllocationCompany>0054</AllocationCompany>
        </LocationSubsidiaryIdentification>
      </Location>
      <TimingAtLocation>
        <Timing TimingQualifierCode="ALA">
          <Time>17:49:30.0000000+01:00</Time>
          <Offset>0</Offset>
        </Timing>
        <Timing TimingQualifierCode="ALD">
          <Time>17:50:30.0000000+01:00</Time>
          <Offset>0</Offset>
        </Timing>
        <DwellTime>1</DwellTime>
      </TimingAtLocation>
      <ResponsibleRU>1154</ResponsibleRU>
      <ResponsibleIM>54</ResponsibleIM>
      <TrainType>1</TrainType>
      <TrafficType>C3</TrafficType>
      <CommercialTrafficType>122</CommercialTrafficType>
      <TrainActivity>
        <TrainActivityType>0001</TrainActivityType>
      </TrainActivity>
      <OperationalTrainNumber>2001</OperationalTrainNumber>
      <NetworkSpecificParameter>
        <Name>CZPassengerServiceNumber</Name>
        <Value>5205</Value>
      </NetworkSpecificParameter>
      <NetworkSpecificParameter>
        <Name>CZPublicService</Name>
        <Value>1</Value>
      </NetworkSpecificParameter>
      <NetworkSpecificParameter>
        <Name>CZPassengerPublicTransportOrderingCoName</Name>
        <Value>Královéhradecký kraj</Value>
      </NetworkSpecificParameter>
      <NetworkSpecificParameter>
        <Name>CZAlternativeTransport</Name>
        <Value>0</Value>
      </NetworkSpecificParameter>
    </CZPTTLocation>
    <CZPTTLocation>
      <Location>
        <CountryCodeISO>CZ</CountryCodeISO>
        <LocationPrimaryCode>55300</LocationPrimaryCode>
        <PrimaryLocationName>hr.VUSC 0510/0520 04</PrimaryLocationName>
      </Location>
      <TimingAtLocation>
        <Timing TimingQualifierCode="ALA">
          <Time>17:52:30.0000000+01:00</Time>
          <Offset>0</Offset>
        </Timing>
        <Timing TimingQualifierCode="ALD">
          <Time>17:52:30.0000000+01:00</Time>
          <Offset>0</Offset>
        </Timing>
      </TimingAtLocation>
      <ResponsibleRU>1154</ResponsibleRU>
      <ResponsibleIM>54</ResponsibleIM>
      <TrainType>1</TrainType>
      <TrafficType>C3</TrafficType>
      <CommercialTrafficType>122</CommercialTrafficType>
      <OperationalTrainNumber>2001</OperationalTrainNumber>
      <NetworkSpecificParameter>
        <Name>CZPassengerServiceNumber</Name>
        <Value>5205</Value>
      </NetworkSpecificParameter>
      <NetworkSpecificParameter>
        <Name>CZPublicService</Name>
        <Value>1</Value>
      </NetworkSpecificParameter>
      <NetworkSpecificParameter>
        <Name>CZPassengerPublicTransportOrderingCoName</Name>
        <Value>Královéhradecký kraj</Value>
      </NetworkSpecificParameter>
      <NetworkSpecificParameter>
        <Name>CZAlternativeTransport</Name>
        <Value>0</Value>
      </NetworkSpecificParameter>
    </CZPTTLocation>
    <CZPTTLocation>
      <Location>
        <CountryCodeISO>CZ</CountryCodeISO>
        <LocationPrimaryCode>55370</LocationPrimaryCode>
        <PrimaryLocationName>Semínova Lhota</PrimaryLocationName>
      </Location>
      <TimingAtLocation>
        <Timing TimingQualifierCode="ALA">
          <Time>17:53:00.0000000+01:00</Time>
          <Offset>0</Offset>
        </Timing>
        <Timing TimingQualifierCode="ALD">
          <Time>17:53:00.0000000+01:00</Time>
          <Offset>0</Offset>
        </Timing>
      </TimingAtLocation>
      <ResponsibleRU>1154</ResponsibleRU>
      <ResponsibleIM>54</ResponsibleIM>
      <TrainType>1</TrainType>
      <TrafficType>C3</TrafficType>
      <CommercialTrafficType>122</CommercialTrafficType>
      <OperationalTrainNumber>2001</OperationalTrainNumber>
      <NetworkSpecificParameter>
        <Name>CZPassengerServiceNumber</Name>
        <Value>5205</Value>
      </NetworkSpecificParameter>
      <NetworkSpecificParameter>
        <Name>CZPublicService</Name>
        <Value>1</Value>
      </NetworkSpecificParameter>
      <NetworkSpecificParameter>
        <Name>CZPassengerPublicTransportOrderingCoName</Name>
        <Value>Královéhradecký kraj</Value>
      </NetworkSpecificParameter>
      <NetworkSpecificParameter>
        <Name>CZAlternativeTransport</Name>
        <Value>0</Value>
      </NetworkSpecificParameter>
    </CZPTTLocation>
    <CZPTTLocation>
      <Location>
        <CountryCodeISO>CZ</CountryCodeISO>
        <LocationPrimaryCode>55380</LocationPrimaryCode>
        <PrimaryLocationName>Jivany</PrimaryLocationName>
      </Location>
      <TimingAtLocation>
        <Timing TimingQualifierCode="ALA">
          <Time>17:54:30.0000000+01:00</Time>
          <Offset>0</Offset>
        </Timing>
        <Timing TimingQualifierCode="ALD">
          <Time>17:54:30.0000000+01:00</Time>
          <Offset>0</Offset>
        </Timing>
      </TimingAtLocation>
      <ResponsibleRU>1154</ResponsibleRU>
      <ResponsibleIM>54</ResponsibleIM>
      <TrainType>1</TrainType>
      <TrafficType>C3</TrafficType>
      <CommercialTrafficType>122</CommercialTrafficType>
      <OperationalTrainNumber>2001</OperationalTrainNumber>
      <NetworkSpecificParameter>
        <Name>CZPassengerServiceNumber</Name>
        <Value>5205</Value>
      </NetworkSpecificParameter>
      <NetworkSpecificParameter>
        <Name>CZPublicService</Name>
        <Value>1</Value>
      </NetworkSpecificParameter>
      <NetworkSpecificParameter>
        <Name>CZPassengerPublicTransportOrderingCoName</Name>
        <Value>Královéhradecký kraj</Value>
      </NetworkSpecificParameter>
      <NetworkSpecificParameter>
        <Name>CZAlternativeTransport</Name>
        <Value>0</Value>
      </NetworkSpecificParameter>
    </CZPTTLocation>
    <CZPTTLocation>
      <Location>
        <CountryCodeISO>CZ</CountryCodeISO>
        <LocationPrimaryCode>55391</LocationPrimaryCode>
        <PrimaryLocationName>Libuň zastávka</PrimaryLocationName>
      </Location>
      <TimingAtLocation>
        <Timing TimingQualifierCode="ALA">
          <Time>17:56:30.0000000+01:00</Time>
          <Offset>0</Offset>
        </Timing>
        <Timing TimingQualifierCode="ALD">
          <Time>17:56:30.0000000+01:00</Time>
          <Offset>0</Offset>
        </Timing>
      </TimingAtLocation>
      <ResponsibleRU>1154</ResponsibleRU>
      <ResponsibleIM>54</ResponsibleIM>
      <TrainType>1</TrainType>
      <TrafficType>C3</TrafficType>
      <CommercialTrafficType>122</CommercialTrafficType>
      <TrainActivity>
        <TrainActivityType>0001</TrainActivityType>
      </TrainActivity>
      <TrainActivity>
        <TrainActivityType>CZ02</TrainActivityType>
      </TrainActivity>
      <TrainActivity>
        <TrainActivityType>0030</TrainActivityType>
      </TrainActivity>
      <OperationalTrainNumber>2001</OperationalTrainNumber>
      <NetworkSpecificParameter>
        <Name>CZPassengerServiceNumber</Name>
        <Value>5205</Value>
      </NetworkSpecificParameter>
      <NetworkSpecificParameter>
        <Name>CZPublicService</Name>
        <Value>1</Value>
      </NetworkSpecificParameter>
      <NetworkSpecificParameter>
        <Name>CZPassengerPublicTransportOrderingCoName</Name>
        <Value>Královéhradecký kraj</Value>
      </NetworkSpecificParameter>
      <NetworkSpecificParameter>
        <Name>CZAlternativeTransport</Name>
        <Value>0</Value>
      </NetworkSpecificParameter>
    </CZPTTLocation>
    <CZPTTLocation>
      <Location>
        <CountryCodeISO>CZ</CountryCodeISO>
        <LocationPrimaryCode>55390</LocationPrimaryCode>
        <PrimaryLocationName>Libuň</PrimaryLocationName>
        <LocationSubsidiaryIdentification>
          <LocationSubsidiaryCode LocationSubsidiaryTypeCode="1">2</LocationSubsidiaryCode>
          <AllocationCompany>0054</AllocationCompany>
        </LocationSubsidiaryIdentification>
      </Location>
      <TimingAtLocation>
        <Timing TimingQualifierCode="ALA">
          <Time>17:58:30.0000000+01:00</Time>
          <Offset>0</Offset>
        </Timing>
        <Timing TimingQualifierCode="ALD">
          <Time>18:00:00.0000000+01:00</Time>
          <Offset>0</Offset>
        </Timing>
        <DwellTime>1.5</DwellTime>
      </TimingAtLocation>
      <ResponsibleRU>1154</ResponsibleRU>
      <ResponsibleIM>54</ResponsibleIM>
      <TrainType>1</TrainType>
      <TrafficType>C3</TrafficType>
      <CommercialTrafficType>122</CommercialTrafficType>
      <TrainActivity>
        <TrainActivityType>0001</TrainActivityType>
      </TrainActivity>
      <OperationalTrainNumber>2001</OperationalTrainNumber>
      <NetworkSpecificParameter>
        <Name>CZPassengerServiceNumber</Name>
        <Value>5205</Value>
      </NetworkSpecificParameter>
      <NetworkSpecificParameter>
        <Name>CZPublicService</Name>
        <Value>1</Value>
      </NetworkSpecificParameter>
      <NetworkSpecificParameter>
        <Name>CZPassengerPublicTransportOrderingCoName</Name>
        <Value>Královéhradecký kraj</Value>
      </NetworkSpecificParameter>
      <NetworkSpecificParameter>
        <Name>CZAlternativeTransport</Name>
        <Value>0</Value>
      </NetworkSpecificParameter>
    </CZPTTLocation>
    <CZPTTLocation>
      <Location>
        <CountryCodeISO>CZ</CountryCodeISO>
        <LocationPrimaryCode>55400</LocationPrimaryCode>
        <PrimaryLocationName>Jinolice</PrimaryLocationName>
      </Location>
      <TimingAtLocation>
        <Timing TimingQualifierCode="ALA">
          <Time>18:03:30.0000000+01:00</Time>
          <Offset>0</Offset>
        </Timing>
        <Timing TimingQualifierCode="ALD">
          <Time>18:03:30.0000000+01:00</Time>
          <Offset>0</Offset>
        </Timing>
      </TimingAtLocation>
      <ResponsibleRU>1154</ResponsibleRU>
      <ResponsibleIM>54</ResponsibleIM>
      <TrainType>1</TrainType>
      <TrafficType>C3</TrafficType>
      <CommercialTrafficType>122</CommercialTrafficType>
      <TrainActivity>
        <TrainActivityType>0001</TrainActivityType>
      </TrainActivity>
      <TrainActivity>
        <TrainActivityType>CZ02</TrainActivityType>
      </TrainActivity>
      <TrainActivity>
        <TrainActivityType>0030</TrainActivityType>
      </TrainActivity>
      <OperationalTrainNumber>2001</OperationalTrainNumber>
      <NetworkSpecificParameter>
        <Name>CZPassengerServiceNumber</Name>
        <Value>5205</Value>
      </NetworkSpecificParameter>
      <NetworkSpecificParameter>
        <Name>CZPublicService</Name>
        <Value>1</Value>
      </NetworkSpecificParameter>
      <NetworkSpecificParameter>
        <Name>CZPassengerPublicTransportOrderingCoName</Name>
        <Value>Královéhradecký kraj</Value>
      </NetworkSpecificParameter>
      <NetworkSpecificParameter>
        <Name>CZAlternativeTransport</Name>
        <Value>0</Value>
      </NetworkSpecificParameter>
    </CZPTTLocation>
    <CZPTTLocation>
      <Location>
        <CountryCodeISO>CZ</CountryCodeISO>
        <LocationPrimaryCode>55410</LocationPrimaryCode>
        <PrimaryLocationName>Železnice</PrimaryLocationName>
      </Location>
      <TimingAtLocation>
        <Timing TimingQualifierCode="ALA">
          <Time>18:08:00.0000000+01:00</Time>
          <Offset>0</Offset>
        </Timing>
        <Timing TimingQualifierCode="ALD">
          <Time>18:08:00.0000000+01:00</Time>
          <Offset>0</Offset>
        </Timing>
      </TimingAtLocation>
      <ResponsibleRU>1154</ResponsibleRU>
      <ResponsibleIM>54</ResponsibleIM>
      <TrainType>1</TrainType>
      <TrafficType>C3</TrafficType>
      <CommercialTrafficType>122</CommercialTrafficType>
      <OperationalTrainNumber>2001</OperationalTrainNumber>
      <NetworkSpecificParameter>
        <Name>CZPassengerServiceNumber</Name>
        <Value>5205</Value>
      </NetworkSpecificParameter>
      <NetworkSpecificParameter>
        <Name>CZPublicService</Name>
        <Value>1</Value>
      </NetworkSpecificParameter>
      <NetworkSpecificParameter>
        <Name>CZPassengerPublicTransportOrderingCoName</Name>
        <Value>Královéhradecký kraj</Value>
      </NetworkSpecificParameter>
      <NetworkSpecificParameter>
        <Name>CZAlternativeTransport</Name>
        <Value>0</Value>
      </NetworkSpecificParameter>
    </CZPTTLocation>
    <CZPTTLocation>
      <Location>
        <CountryCodeISO>CZ</CountryCodeISO>
        <LocationPrimaryCode>55430</LocationPrimaryCode>
        <PrimaryLocationName>Jičín zastávka</PrimaryLocationName>
      </Location>
      <TimingAtLocation>
        <Timing TimingQualifierCode="ALA">
          <Time>18:10:00.0000000+01:00</Time>
          <Offset>0</Offset>
        </Timing>
        <Timing TimingQualifierCode="ALD">
          <Time>18:10:00.0000000+01:00</Time>
          <Offset>0</Offset>
        </Timing>
      </TimingAtLocation>
      <ResponsibleRU>1154</ResponsibleRU>
      <ResponsibleIM>54</ResponsibleIM>
      <TrainType>1</TrainType>
      <TrafficType>C3</TrafficType>
      <CommercialTrafficType>122</CommercialTrafficType>
      <TrainActivity>
        <TrainActivityType>0001</TrainActivityType>
      </TrainActivity>
      <TrainActivity>
        <TrainActivityType>CZ02</TrainActivityType>
      </TrainActivity>
      <TrainActivity>
        <TrainActivityType>0030</TrainActivityType>
      </TrainActivity>
      <OperationalTrainNumber>2001</OperationalTrainNumber>
      <NetworkSpecificParameter>
        <Name>CZPassengerServiceNumber</Name>
        <Value>5205</Value>
      </NetworkSpecificParameter>
      <NetworkSpecificParameter>
        <Name>CZPublicService</Name>
        <Value>1</Value>
      </NetworkSpecificParameter>
      <NetworkSpecificParameter>
        <Name>CZPassengerPublicTransportOrderingCoName</Name>
        <Value>Královéhradecký kraj</Value>
      </NetworkSpecificParameter>
      <NetworkSpecificParameter>
        <Name>CZAlternativeTransport</Name>
        <Value>0</Value>
      </NetworkSpecificParameter>
    </CZPTTLocation>
    <CZPTTLocation>
      <Location>
        <CountryCodeISO>CZ</CountryCodeISO>
        <LocationPrimaryCode>55420</LocationPrimaryCode>
        <PrimaryLocationName>Jičín</PrimaryLocationName>
        <LocationSubsidiaryIdentification>
          <LocationSubsidiaryCode LocationSubsidiaryTypeCode="1">13</LocationSubsidiaryCode>
          <AllocationCompany>0054</AllocationCompany>
        </LocationSubsidiaryIdentification>
      </Location>
      <TimingAtLocation>
        <Timing TimingQualifierCode="ALA">
          <Time>18:14:00.0000000+01:00</Time>
          <Offset>0</Offset>
        </Timing>
        <Timing TimingQualifierCode="ALD">
          <Time>18:22:00.0000000+01:00</Time>
          <Offset>0</Offset>
        </Timing>
        <DwellTime>8</DwellTime>
      </TimingAtLocation>
      <ResponsibleRU>1154</ResponsibleRU>
      <ResponsibleIM>54</ResponsibleIM>
      <TrainType>1</TrainType>
      <TrafficType>C3</TrafficType>
      <CommercialTrafficType>122</CommercialTrafficType>
      <TrainActivity>
        <TrainActivityType>0001</TrainActivityType>
      </TrainActivity>
      <OperationalTrainNumber>2001</OperationalTrainNumber>
      <NetworkSpecificParameter>
        <Name>CZPassengerServiceNumber</Name>
        <Value>5205</Value>
      </NetworkSpecificParameter>
      <NetworkSpecificParameter>
        <Name>CZPublicService</Name>
        <Value>1</Value>
      </NetworkSpecificParameter>
      <NetworkSpecificParameter>
        <Name>CZPassengerPublicTransportOrderingCoName</Name>
        <Value>Královéhradecký kraj</Value>
      </NetworkSpecificParameter>
      <NetworkSpecificParameter>
        <Name>CZAlternativeTransport</Name>
        <Value>0</Value>
      </NetworkSpecificParameter>
    </CZPTTLocation>
    <CZPTTLocation>
      <Location>
        <CountryCodeISO>CZ</CountryCodeISO>
        <LocationPrimaryCode>55520</LocationPrimaryCode>
        <PrimaryLocationName>Vitiněves</PrimaryLocationName>
      </Location>
      <TimingAtLocation>
        <Timing TimingQualifierCode="ALA">
          <Time>18:27:00.0000000+01:00</Time>
          <Offset>0</Offset>
        </Timing>
        <Timing TimingQualifierCode="ALD">
          <Time>18:27:00.0000000+01:00</Time>
          <Offset>0</Offset>
        </Timing>
      </TimingAtLocation>
      <ResponsibleRU>1154</ResponsibleRU>
      <ResponsibleIM>54</ResponsibleIM>
      <TrainType>1</TrainType>
      <TrafficType>C3</TrafficType>
      <CommercialTrafficType>122</CommercialTrafficType>
      <OperationalTrainNumber>2001</OperationalTrainNumber>
      <NetworkSpecificParameter>
        <Name>CZPassengerServiceNumber</Name>
        <Value>5205</Value>
      </NetworkSpecificParameter>
      <NetworkSpecificParameter>
        <Name>CZPublicService</Name>
        <Value>1</Value>
      </NetworkSpecificParameter>
      <NetworkSpecificParameter>
        <Name>CZPassengerPublicTransportOrderingCoName</Name>
        <Value>Královéhradecký kraj</Value>
      </NetworkSpecificParameter>
      <NetworkSpecificParameter>
        <Name>CZAlternativeTransport</Name>
        <Value>0</Value>
      </NetworkSpecificParameter>
    </CZPTTLocation>
    <CZPTTLocation>
      <Location>
        <CountryCodeISO>CZ</CountryCodeISO>
        <LocationPrimaryCode>55510</LocationPrimaryCode>
        <PrimaryLocationName>Butoves</PrimaryLocationName>
        <LocationSubsidiaryIdentification>
          <LocationSubsidiaryCode LocationSubsidiaryTypeCode="1">1</LocationSubsidiaryCode>
          <AllocationCompany>0054</AllocationCompany>
        </LocationSubsidiaryIdentification>
      </Location>
      <TimingAtLocation>
        <Timing TimingQualifierCode="ALA">
          <Time>18:30:00.0000000+01:00</Time>
          <Offset>0</Offset>
        </Timing>
        <Timing TimingQualifierCode="ALD">
          <Time>18:30:00.0000000+01:00</Time>
          <Offset>0</Offset>
        </Timing>
      </TimingAtLocation>
      <ResponsibleRU>1154</ResponsibleRU>
      <ResponsibleIM>54</ResponsibleIM>
      <TrainType>1</TrainType>
      <TrafficType>C3</TrafficType>
      <CommercialTrafficType>122</CommercialTrafficType>
      <OperationalTrainNumber>2001</OperationalTrainNumber>
      <NetworkSpecificParameter>
        <Name>CZPassengerServiceNumber</Name>
        <Value>5205</Value>
      </NetworkSpecificParameter>
      <NetworkSpecificParameter>
        <Name>CZPublicService</Name>
        <Value>1</Value>
      </NetworkSpecificParameter>
      <NetworkSpecificParameter>
        <Name>CZPassengerPublicTransportOrderingCoName</Name>
        <Value>Královéhradecký kraj</Value>
      </NetworkSpecificParameter>
      <NetworkSpecificParameter>
        <Name>CZAlternativeTransport</Name>
        <Value>0</Value>
      </NetworkSpecificParameter>
    </CZPTTLocation>
    <CZPTTLocation>
      <Location>
        <CountryCodeISO>CZ</CountryCodeISO>
        <LocationPrimaryCode>55530</LocationPrimaryCode>
        <PrimaryLocationName>Kovač</PrimaryLocationName>
      </Location>
      <TimingAtLocation>
        <Timing TimingQualifierCode="ALA">
          <Time>18:32:30.0000000+01:00</Time>
          <Offset>0</Offset>
        </Timing>
        <Timing TimingQualifierCode="ALD">
          <Time>18:32:30.0000000+01:00</Time>
          <Offset>0</Offset>
        </Timing>
      </TimingAtLocation>
      <ResponsibleRU>1154</ResponsibleRU>
      <ResponsibleIM>54</ResponsibleIM>
      <TrainType>1</TrainType>
      <TrafficType>C3</TrafficType>
      <CommercialTrafficType>122</CommercialTrafficType>
      <OperationalTrainNumber>2001</OperationalTrainNumber>
      <NetworkSpecificParameter>
        <Name>CZPassengerServiceNumber</Name>
        <Value>5205</Value>
      </NetworkSpecificParameter>
      <NetworkSpecificParameter>
        <Name>CZPublicService</Name>
        <Value>1</Value>
      </NetworkSpecificParameter>
      <NetworkSpecificParameter>
        <Name>CZPassengerPublicTransportOrderingCoName</Name>
        <Value>Královéhradecký kraj</Value>
      </NetworkSpecificParameter>
      <NetworkSpecificParameter>
        <Name>CZAlternativeTransport</Name>
        <Value>0</Value>
      </NetworkSpecificParameter>
    </CZPTTLocation>
    <CZPTTLocation>
      <Location>
        <CountryCodeISO>CZ</CountryCodeISO>
        <LocationPrimaryCode>55550</LocationPrimaryCode>
        <PrimaryLocationName>Vojice</PrimaryLocationName>
      </Location>
      <TimingAtLocation>
        <Timing TimingQualifierCode="ALA">
          <Time>18:35:00.0000000+01:00</Time>
          <Offset>0</Offset>
        </Timing>
        <Timing TimingQualifierCode="ALD">
          <Time>18:35:00.0000000+01:00</Time>
          <Offset>0</Offset>
        </Timing>
      </TimingAtLocation>
      <ResponsibleRU>1154</ResponsibleRU>
      <ResponsibleIM>54</ResponsibleIM>
      <TrainType>1</TrainType>
      <TrafficType>C3</TrafficType>
      <CommercialTrafficType>122</CommercialTrafficType>
      <OperationalTrainNumber>2001</OperationalTrainNumber>
      <NetworkSpecificParameter>
        <Name>CZPassengerServiceNumber</Name>
        <Value>5205</Value>
      </NetworkSpecificParameter>
      <NetworkSpecificParameter>
        <Name>CZPublicService</Name>
        <Value>1</Value>
      </NetworkSpecificParameter>
      <NetworkSpecificParameter>
        <Name>CZPassengerPublicTransportOrderingCoName</Name>
        <Value>Královéhradecký kraj</Value>
      </NetworkSpecificParameter>
      <NetworkSpecificParameter>
        <Name>CZAlternativeTransport</Name>
        <Value>0</Value>
      </NetworkSpecificParameter>
    </CZPTTLocation>
    <CZPTTLocation>
      <Location>
        <CountryCodeISO>CZ</CountryCodeISO>
        <LocationPrimaryCode>55560</LocationPrimaryCode>
        <PrimaryLocationName>Sobčice</PrimaryLocationName>
      </Location>
      <TimingAtLocation>
        <Timing TimingQualifierCode="ALA">
          <Time>18:36:30.0000000+01:00</Time>
          <Offset>0</Offset>
        </Timing>
        <Timing TimingQualifierCode="ALD">
          <Time>18:36:30.0000000+01:00</Time>
          <Offset>0</Offset>
        </Timing>
      </TimingAtLocation>
      <ResponsibleRU>1154</ResponsibleRU>
      <ResponsibleIM>54</ResponsibleIM>
      <TrainType>1</TrainType>
      <TrafficType>C3</TrafficType>
      <CommercialTrafficType>122</CommercialTrafficType>
      <OperationalTrainNumber>2001</OperationalTrainNumber>
      <NetworkSpecificParameter>
        <Name>CZPassengerServiceNumber</Name>
        <Value>5205</Value>
      </NetworkSpecificParameter>
      <NetworkSpecificParameter>
        <Name>CZPublicService</Name>
        <Value>1</Value>
      </NetworkSpecificParameter>
      <NetworkSpecificParameter>
        <Name>CZPassengerPublicTransportOrderingCoName</Name>
        <Value>Královéhradecký kraj</Value>
      </NetworkSpecificParameter>
      <NetworkSpecificParameter>
        <Name>CZAlternativeTransport</Name>
        <Value>0</Value>
      </NetworkSpecificParameter>
    </CZPTTLocation>
    <CZPTTLocation>
      <Location>
        <CountryCodeISO>CZ</CountryCodeISO>
        <LocationPrimaryCode>55540</LocationPrimaryCode>
        <PrimaryLocationName>Ostroměř</PrimaryLocationName>
        <LocationSubsidiaryIdentification>
          <LocationSubsidiaryCode LocationSubsidiaryTypeCode="1">3</LocationSubsidiaryCode>
          <AllocationCompany>0054</AllocationCompany>
        </LocationSubsidiaryIdentification>
      </Location>
      <TimingAtLocation>
        <Timing TimingQualifierCode="ALA">
          <Time>18:39:00.0000000+01:00</Time>
          <Offset>0</Offset>
        </Timing>
        <Timing TimingQualifierCode="ALD">
          <Time>18:40:00.0000000+01:00</Time>
          <Offset>0</Offset>
        </Timing>
        <DwellTime>1</DwellTime>
      </TimingAtLocation>
      <ResponsibleRU>1154</ResponsibleRU>
      <ResponsibleIM>54</ResponsibleIM>
      <TrainType>1</TrainType>
      <TrafficType>C3</TrafficType>
      <CommercialTrafficType>122</CommercialTrafficType>
      <TrainActivity>
        <TrainActivityType>0001</TrainActivityType>
      </TrainActivity>
      <OperationalTrainNumber>2001</OperationalTrainNumber>
      <NetworkSpecificParameter>
        <Name>CZPassengerServiceNumber</Name>
        <Value>5205</Value>
      </NetworkSpecificParameter>
      <NetworkSpecificParameter>
        <Name>CZPublicService</Name>
        <Value>1</Value>
      </NetworkSpecificParameter>
      <NetworkSpecificParameter>
        <Name>CZPassengerPublicTransportOrderingCoName</Name>
        <Value>Královéhradecký kraj</Value>
      </NetworkSpecificParameter>
      <NetworkSpecificParameter>
        <Name>CZAlternativeTransport</Name>
        <Value>0</Value>
      </NetworkSpecificParameter>
    </CZPTTLocation>
    <CZPTTLocation>
      <Location>
        <CountryCodeISO>CZ</CountryCodeISO>
        <LocationPrimaryCode>55541</LocationPrimaryCode>
        <PrimaryLocationName>Km 32,800</PrimaryLocationName>
      </Location>
      <TimingAtLocation>
        <Timing TimingQualifierCode="ALA">
          <Time>18:42:30.0000000+01:00</Time>
          <Offset>0</Offset>
        </Timing>
        <Timing TimingQualifierCode="ALD">
          <Time>18:42:30.0000000+01:00</Time>
          <Offset>0</Offset>
        </Timing>
      </TimingAtLocation>
      <ResponsibleRU>1154</ResponsibleRU>
      <ResponsibleIM>54</ResponsibleIM>
      <TrainType>1</TrainType>
      <TrafficType>C3</TrafficType>
      <CommercialTrafficType>122</CommercialTrafficType>
      <OperationalTrainNumber>2001</OperationalTrainNumber>
      <NetworkSpecificParameter>
        <Name>CZPassengerServiceNumber</Name>
        <Value>5205</Value>
      </NetworkSpecificParameter>
      <NetworkSpecificParameter>
        <Name>CZPublicService</Name>
        <Value>1</Value>
      </NetworkSpecificParameter>
      <NetworkSpecificParameter>
        <Name>CZPassengerPublicTransportOrderingCoName</Name>
        <Value>Královéhradecký kraj</Value>
      </NetworkSpecificParameter>
      <NetworkSpecificParameter>
        <Name>CZAlternativeTransport</Name>
        <Value>0</Value>
      </NetworkSpecificParameter>
    </CZPTTLocation>
    <CZPTTLocation>
      <Location>
        <CountryCodeISO>CZ</CountryCodeISO>
        <LocationPrimaryCode>55590</LocationPrimaryCode>
        <PrimaryLocationName>Dobrá Voda u Hořic</PrimaryLocationName>
      </Location>
      <TimingAtLocation>
        <Timing TimingQualifierCode="ALA">
          <Time>18:46:30.0000000+01:00</Time>
          <Offset>0</Offset>
        </Timing>
        <Timing TimingQualifierCode="ALD">
          <Time>18:46:30.0000000+01:00</Time>
          <Offset>0</Offset>
        </Timing>
      </TimingAtLocation>
      <ResponsibleRU>1154</ResponsibleRU>
      <ResponsibleIM>54</ResponsibleIM>
      <TrainType>1</TrainType>
      <TrafficType>C3</TrafficType>
      <CommercialTrafficType>122</CommercialTrafficType>
      <OperationalTrainNumber>2001</OperationalTrainNumber>
      <NetworkSpecificParameter>
        <Name>CZPassengerServiceNumber</Name>
        <Value>5205</Value>
      </NetworkSpecificParameter>
      <NetworkSpecificParameter>
        <Name>CZPublicService</Name>
        <Value>1</Value>
      </NetworkSpecificParameter>
      <NetworkSpecificParameter>
        <Name>CZPassengerPublicTransportOrderingCoName</Name>
        <Value>Královéhradecký kraj</Value>
      </NetworkSpecificParameter>
      <NetworkSpecificParameter>
        <Name>CZAlternativeTransport</Name>
        <Value>0</Value>
      </NetworkSpecificParameter>
    </CZPTTLocation>
    <CZPTTLocation>
      <Location>
        <CountryCodeISO>CZ</CountryCodeISO>
        <LocationPrimaryCode>55580</LocationPrimaryCode>
        <PrimaryLocationName>Hořice v Podkrkonoší</PrimaryLocationName>
        <LocationSubsidiaryIdentification>
          <LocationSubsidiaryCode LocationSubsidiaryTypeCode="1">1</LocationSubsidiaryCode>
          <AllocationCompany>0054</AllocationCompany>
        </LocationSubsidiaryIdentification>
      </Location>
      <TimingAtLocation>
        <Timing TimingQualifierCode="ALA">
          <Time>18:49:00.0000000+01:00</Time>
          <Offset>0</Offset>
        </Timing>
        <Timing TimingQualifierCode="ALD">
          <Time>18:50:00.0000000+01:00</Time>
          <Offset>0</Offset>
        </Timing>
        <DwellTime>1</DwellTime>
      </TimingAtLocation>
      <ResponsibleRU>1154</ResponsibleRU>
      <ResponsibleIM>54</ResponsibleIM>
      <TrainType>1</TrainType>
      <TrafficType>C3</TrafficType>
      <CommercialTrafficType>122</CommercialTrafficType>
      <TrainActivity>
        <TrainActivityType>0001</TrainActivityType>
      </TrainActivity>
      <OperationalTrainNumber>2001</OperationalTrainNumber>
      <NetworkSpecificParameter>
        <Name>CZPassengerServiceNumber</Name>
        <Value>5205</Value>
      </NetworkSpecificParameter>
      <NetworkSpecificParameter>
        <Name>CZPublicService</Name>
        <Value>1</Value>
      </NetworkSpecificParameter>
      <NetworkSpecificParameter>
        <Name>CZPassengerPublicTransportOrderingCoName</Name>
        <Value>Královéhradecký kraj</Value>
      </NetworkSpecificParameter>
      <NetworkSpecificParameter>
        <Name>CZAlternativeTransport</Name>
        <Value>0</Value>
      </NetworkSpecificParameter>
    </CZPTTLocation>
    <CZPTTLocation>
      <Location>
        <CountryCodeISO>CZ</CountryCodeISO>
        <LocationPrimaryCode>55610</LocationPrimaryCode>
        <PrimaryLocationName>Jeřice</PrimaryLocationName>
      </Location>
      <TimingAtLocation>
        <Timing TimingQualifierCode="ALA">
          <Time>18:53:30.0000000+01:00</Time>
          <Offset>0</Offset>
        </Timing>
        <Timing TimingQualifierCode="ALD">
          <Time>18:53:30.0000000+01:00</Time>
          <Offset>0</Offset>
        </Timing>
      </TimingAtLocation>
      <ResponsibleRU>1154</ResponsibleRU>
      <ResponsibleIM>54</ResponsibleIM>
      <TrainType>1</TrainType>
      <TrafficType>C3</TrafficType>
      <CommercialTrafficType>122</CommercialTrafficType>
      <OperationalTrainNumber>2001</OperationalTrainNumber>
      <NetworkSpecificParameter>
        <Name>CZPassengerServiceNumber</Name>
        <Value>5205</Value>
      </NetworkSpecificParameter>
      <NetworkSpecificParameter>
        <Name>CZPublicService</Name>
        <Value>1</Value>
      </NetworkSpecificParameter>
      <NetworkSpecificParameter>
        <Name>CZPassengerPublicTransportOrderingCoName</Name>
        <Value>Královéhradecký kraj</Value>
      </NetworkSpecificParameter>
      <NetworkSpecificParameter>
        <Name>CZAlternativeTransport</Name>
        <Value>0</Value>
      </NetworkSpecificParameter>
    </CZPTTLocation>
    <CZPTTLocation>
      <Location>
        <CountryCodeISO>CZ</CountryCodeISO>
        <LocationPrimaryCode>55600</LocationPrimaryCode>
        <PrimaryLocationName>Třebovětice</PrimaryLocationName>
      </Location>
      <TimingAtLocation>
        <Timing TimingQualifierCode="ALA">
          <Time>18:56:00.0000000+01:00</Time>
          <Offset>0</Offset>
        </Timing>
        <Timing TimingQualifierCode="ALD">
          <Time>18:56:00.0000000+01:00</Time>
          <Offset>0</Offset>
        </Timing>
      </TimingAtLocation>
      <ResponsibleRU>1154</ResponsibleRU>
      <ResponsibleIM>54</ResponsibleIM>
      <TrainType>1</TrainType>
      <TrafficType>C3</TrafficType>
      <CommercialTrafficType>122</CommercialTrafficType>
      <OperationalTrainNumber>2001</OperationalTrainNumber>
      <NetworkSpecificParameter>
        <Name>CZPassengerServiceNumber</Name>
        <Value>5205</Value>
      </NetworkSpecificParameter>
      <NetworkSpecificParameter>
        <Name>CZPublicService</Name>
        <Value>1</Value>
      </NetworkSpecificParameter>
      <NetworkSpecificParameter>
        <Name>CZPassengerPublicTransportOrderingCoName</Name>
        <Value>Královéhradecký kraj</Value>
      </NetworkSpecificParameter>
      <NetworkSpecificParameter>
        <Name>CZAlternativeTransport</Name>
        <Value>0</Value>
      </NetworkSpecificParameter>
    </CZPTTLocation>
    <CZPTTLocation>
      <Location>
        <CountryCodeISO>CZ</CountryCodeISO>
        <LocationPrimaryCode>55620</LocationPrimaryCode>
        <PrimaryLocationName>Cerekvice nad Bystřicí</PrimaryLocationName>
      </Location>
      <TimingAtLocation>
        <Timing TimingQualifierCode="ALA">
          <Time>18:57:00.0000000+01:00</Time>
          <Offset>0</Offset>
        </Timing>
        <Timing TimingQualifierCode="ALD">
          <Time>18:57:00.0000000+01:00</Time>
          <Offset>0</Offset>
        </Timing>
      </TimingAtLocation>
      <ResponsibleRU>1154</ResponsibleRU>
      <ResponsibleIM>54</ResponsibleIM>
      <TrainType>1</TrainType>
      <TrafficType>C3</TrafficType>
      <CommercialTrafficType>122</CommercialTrafficType>
      <OperationalTrainNumber>2001</OperationalTrainNumber>
      <NetworkSpecificParameter>
        <Name>CZPassengerServiceNumber</Name>
        <Value>5205</Value>
      </NetworkSpecificParameter>
      <NetworkSpecificParameter>
        <Name>CZPublicService</Name>
        <Value>1</Value>
      </NetworkSpecificParameter>
      <NetworkSpecificParameter>
        <Name>CZPassengerPublicTransportOrderingCoName</Name>
        <Value>Královéhradecký kraj</Value>
      </NetworkSpecificParameter>
      <NetworkSpecificParameter>
        <Name>CZAlternativeTransport</Name>
        <Value>0</Value>
      </NetworkSpecificParameter>
    </CZPTTLocation>
    <CZPTTLocation>
      <Location>
        <CountryCodeISO>CZ</CountryCodeISO>
        <LocationPrimaryCode>55640</LocationPrimaryCode>
        <PrimaryLocationName>Hněvčeves</PrimaryLocationName>
        <LocationSubsidiaryIdentification>
          <LocationSubsidiaryCode LocationSubsidiaryTypeCode="1">5</LocationSubsidiaryCode>
          <AllocationCompany>0054</AllocationCompany>
        </LocationSubsidiaryIdentification>
      </Location>
      <TimingAtLocation>
        <Timing TimingQualifierCode="ALA">
          <Time>18:59:30.0000000+01:00</Time>
          <Offset>0</Offset>
        </Timing>
        <Timing TimingQualifierCode="ALD">
          <Time>18:59:30.0000000+01:00</Time>
          <Offset>0</Offset>
        </Timing>
      </TimingAtLocation>
      <ResponsibleRU>1154</ResponsibleRU>
      <ResponsibleIM>54</ResponsibleIM>
      <TrainType>1</TrainType>
      <TrafficType>C3</TrafficType>
      <CommercialTrafficType>122</CommercialTrafficType>
      <OperationalTrainNumber>2001</OperationalTrainNumber>
      <NetworkSpecificParameter>
        <Name>CZPassengerServiceNumber</Name>
        <Value>5205</Value>
      </NetworkSpecificParameter>
      <NetworkSpecificParameter>
        <Name>CZPublicService</Name>
        <Value>1</Value>
      </NetworkSpecificParameter>
      <NetworkSpecificParameter>
        <Name>CZPassengerPublicTransportOrderingCoName</Name>
        <Value>Královéhradecký kraj</Value>
      </NetworkSpecificParameter>
      <NetworkSpecificParameter>
        <Name>CZAlternativeTransport</Name>
        <Value>0</Value>
      </NetworkSpecificParameter>
    </CZPTTLocation>
    <CZPTTLocation>
      <Location>
        <CountryCodeISO>CZ</CountryCodeISO>
        <LocationPrimaryCode>55630</LocationPrimaryCode>
        <PrimaryLocationName>Sadová</PrimaryLocationName>
        <LocationSubsidiaryIdentification>
          <LocationSubsidiaryCode LocationSubsidiaryTypeCode="1">1</LocationSubsidiaryCode>
          <AllocationCompany>0054</AllocationCompany>
        </LocationSubsidiaryIdentification>
      </Location>
      <TimingAtLocation>
        <Timing TimingQualifierCode="ALA">
          <Time>19:02:30.0000000+01:00</Time>
          <Offset>0</Offset>
        </Timing>
        <Timing TimingQualifierCode="ALD">
          <Time>19:02:30.0000000+01:00</Time>
          <Offset>0</Offset>
        </Timing>
      </TimingAtLocation>
      <ResponsibleRU>1154</ResponsibleRU>
      <ResponsibleIM>54</ResponsibleIM>
      <TrainType>1</TrainType>
      <TrafficType>C3</TrafficType>
      <CommercialTrafficType>122</CommercialTrafficType>
      <OperationalTrainNumber>2001</OperationalTrainNumber>
      <NetworkSpecificParameter>
        <Name>CZPassengerServiceNumber</Name>
        <Value>5205</Value>
      </NetworkSpecificParameter>
      <NetworkSpecificParameter>
        <Name>CZPublicService</Name>
        <Value>1</Value>
      </NetworkSpecificParameter>
      <NetworkSpecificParameter>
        <Name>CZPassengerPublicTransportOrderingCoName</Name>
        <Value>Královéhradecký kraj</Value>
      </NetworkSpecificParameter>
      <NetworkSpecificParameter>
        <Name>CZAlternativeTransport</Name>
        <Value>0</Value>
      </NetworkSpecificParameter>
    </CZPTTLocation>
    <CZPTTLocation>
      <Location>
        <CountryCodeISO>CZ</CountryCodeISO>
        <LocationPrimaryCode>55650</LocationPrimaryCode>
        <PrimaryLocationName>Dohalice</PrimaryLocationName>
      </Location>
      <TimingAtLocation>
        <Timing TimingQualifierCode="ALA">
          <Time>19:04:30.0000000+01:00</Time>
          <Offset>0</Offset>
        </Timing>
        <Timing TimingQualifierCode="ALD">
          <Time>19:04:30.0000000+01:00</Time>
          <Offset>0</Offset>
        </Timing>
      </TimingAtLocation>
      <ResponsibleRU>1154</ResponsibleRU>
      <ResponsibleIM>54</ResponsibleIM>
      <TrainType>1</TrainType>
      <TrafficType>C3</TrafficType>
      <CommercialTrafficType>122</CommercialTrafficType>
      <OperationalTrainNumber>2001</OperationalTrainNumber>
      <NetworkSpecificParameter>
        <Name>CZPassengerServiceNumber</Name>
        <Value>5205</Value>
      </NetworkSpecificParameter>
      <NetworkSpecificParameter>
        <Name>CZPublicService</Name>
        <Value>1</Value>
      </NetworkSpecificParameter>
      <NetworkSpecificParameter>
        <Name>CZPassengerPublicTransportOrderingCoName</Name>
        <Value>Královéhradecký kraj</Value>
      </NetworkSpecificParameter>
      <NetworkSpecificParameter>
        <Name>CZAlternativeTransport</Name>
        <Value>0</Value>
      </NetworkSpecificParameter>
    </CZPTTLocation>
    <CZPTTLocation>
      <Location>
        <CountryCodeISO>CZ</CountryCodeISO>
        <LocationPrimaryCode>55670</LocationPrimaryCode>
        <PrimaryLocationName>Dlouhé Dvory</PrimaryLocationName>
      </Location>
      <TimingAtLocation>
        <Timing TimingQualifierCode="ALA">
          <Time>19:08:00.0000000+01:00</Time>
          <Offset>0</Offset>
        </Timing>
        <Timing TimingQualifierCode="ALD">
          <Time>19:08:00.0000000+01:00</Time>
          <Offset>0</Offset>
        </Timing>
      </TimingAtLocation>
      <ResponsibleRU>1154</ResponsibleRU>
      <ResponsibleIM>54</ResponsibleIM>
      <TrainType>1</TrainType>
      <TrafficType>C3</TrafficType>
      <CommercialTrafficType>122</CommercialTrafficType>
      <OperationalTrainNumber>2001</OperationalTrainNumber>
      <NetworkSpecificParameter>
        <Name>CZPassengerServiceNumber</Name>
        <Value>5205</Value>
      </NetworkSpecificParameter>
      <NetworkSpecificParameter>
        <Name>CZPublicService</Name>
        <Value>1</Value>
      </NetworkSpecificParameter>
      <NetworkSpecificParameter>
        <Name>CZPassengerPublicTransportOrderingCoName</Name>
        <Value>Královéhradecký kraj</Value>
      </NetworkSpecificParameter>
      <NetworkSpecificParameter>
        <Name>CZAlternativeTransport</Name>
        <Value>0</Value>
      </NetworkSpecificParameter>
    </CZPTTLocation>
    <CZPTTLocation>
      <Location>
        <CountryCodeISO>CZ</CountryCodeISO>
        <LocationPrimaryCode>55660</LocationPrimaryCode>
        <PrimaryLocationName>Všestary</PrimaryLocationName>
        <LocationSubsidiaryIdentification>
          <LocationSubsidiaryCode LocationSubsidiaryTypeCode="1">1</LocationSubsidiaryCode>
          <AllocationCompany>0054</AllocationCompany>
        </LocationSubsidiaryIdentification>
      </Location>
      <TimingAtLocation>
        <Timing TimingQualifierCode="ALA">
          <Time>19:12:00.0000000+01:00</Time>
          <Offset>0</Offset>
        </Timing>
        <Timing TimingQualifierCode="ALD">
          <Time>19:12:00.0000000+01:00</Time>
          <Offset>0</Offset>
        </Timing>
      </TimingAtLocation>
      <ResponsibleRU>1154</ResponsibleRU>
      <ResponsibleIM>54</ResponsibleIM>
      <TrainType>1</TrainType>
      <TrafficType>C3</TrafficType>
      <CommercialTrafficType>122</CommercialTrafficType>
      <OperationalTrainNumber>2001</OperationalTrainNumber>
      <NetworkSpecificParameter>
        <Name>CZPassengerServiceNumber</Name>
        <Value>5205</Value>
      </NetworkSpecificParameter>
      <NetworkSpecificParameter>
        <Name>CZPublicService</Name>
        <Value>1</Value>
      </NetworkSpecificParameter>
      <NetworkSpecificParameter>
        <Name>CZPassengerPublicTransportOrderingCoName</Name>
        <Value>Královéhradecký kraj</Value>
      </NetworkSpecificParameter>
      <NetworkSpecificParameter>
        <Name>CZAlternativeTransport</Name>
        <Value>0</Value>
      </NetworkSpecificParameter>
    </CZPTTLocation>
    <CZPTTLocation>
      <Location>
        <CountryCodeISO>CZ</CountryCodeISO>
        <LocationPrimaryCode>55661</LocationPrimaryCode>
        <PrimaryLocationName>vl. v km 3,373</PrimaryLocationName>
      </Location>
      <TimingAtLocation>
        <Timing TimingQualifierCode="ALA">
          <Time>19:14:00.0000000+01:00</Time>
          <Offset>0</Offset>
        </Timing>
        <Timing TimingQualifierCode="ALD">
          <Time>19:14:00.0000000+01:00</Time>
          <Offset>0</Offset>
        </Timing>
      </TimingAtLocation>
      <ResponsibleRU>1154</ResponsibleRU>
      <ResponsibleIM>54</ResponsibleIM>
      <TrainType>1</TrainType>
      <TrafficType>C3</TrafficType>
      <CommercialTrafficType>122</CommercialTrafficType>
      <OperationalTrainNumber>2001</OperationalTrainNumber>
      <NetworkSpecificParameter>
        <Name>CZPassengerServiceNumber</Name>
        <Value>5205</Value>
      </NetworkSpecificParameter>
      <NetworkSpecificParameter>
        <Name>CZPublicService</Name>
        <Value>1</Value>
      </NetworkSpecificParameter>
      <NetworkSpecificParameter>
        <Name>CZPassengerPublicTransportOrderingCoName</Name>
        <Value>Královéhradecký kraj</Value>
      </NetworkSpecificParameter>
      <NetworkSpecificParameter>
        <Name>CZAlternativeTransport</Name>
        <Value>0</Value>
      </NetworkSpecificParameter>
    </CZPTTLocation>
    <CZPTTLocation>
      <Location>
        <CountryCodeISO>CZ</CountryCodeISO>
        <LocationPrimaryCode>55680</LocationPrimaryCode>
        <PrimaryLocationName>Plotiště nad Labem</PrimaryLocationName>
      </Location>
      <TimingAtLocation>
        <Timing TimingQualifierCode="ALA">
          <Time>19:14:30.0000000+01:00</Time>
          <Offset>0</Offset>
        </Timing>
        <Timing TimingQualifierCode="ALD">
          <Time>19:14:30.0000000+01:00</Time>
          <Offset>0</Offset>
        </Timing>
      </TimingAtLocation>
      <ResponsibleRU>1154</ResponsibleRU>
      <ResponsibleIM>54</ResponsibleIM>
      <TrainType>1</TrainType>
      <TrafficType>C3</TrafficType>
      <CommercialTrafficType>122</CommercialTrafficType>
      <OperationalTrainNumber>2001</OperationalTrainNumber>
      <NetworkSpecificParameter>
        <Name>CZPassengerServiceNumber</Name>
        <Value>5205</Value>
      </NetworkSpecificParameter>
      <NetworkSpecificParameter>
        <Name>CZPublicService</Name>
        <Value>1</Value>
      </NetworkSpecificParameter>
      <NetworkSpecificParameter>
        <Name>CZPassengerPublicTransportOrderingCoName</Name>
        <Value>Královéhradecký kraj</Value>
      </NetworkSpecificParameter>
      <NetworkSpecificParameter>
        <Name>CZAlternativeTransport</Name>
        <Value>0</Value>
      </NetworkSpecificParameter>
    </CZPTTLocation>
    <CZPTTLocation>
      <Location>
        <CountryCodeISO>CZ</CountryCodeISO>
        <LocationPrimaryCode>53120</LocationPrimaryCode>
        <PrimaryLocationName>Hradec Král. hl. n.</PrimaryLocationName>
        <LocationSubsidiaryIdentification>
          <LocationSubsidiaryCode LocationSubsidiaryTypeCode="1">5</LocationSubsidiaryCode>
          <AllocationCompany>0054</AllocationCompany>
        </LocationSubsidiaryIdentification>
      </Location>
      <TimingAtLocation>
        <Timing TimingQualifierCode="ALA">
          <Time>19:18:00.0000000+01:00</Time>
          <Offset>0</Offset>
        </Timing>
      </TimingAtLocation>
      <ResponsibleRU>1154</ResponsibleRU>
      <ResponsibleIM>54</ResponsibleIM>
      <TrainType>1</TrainType>
      <TrafficType>C3</TrafficType>
      <CommercialTrafficType>122</CommercialTrafficType>
      <TrainActivity>
        <TrainActivityType>0001</TrainActivityType>
      </TrainActivity>
      <OperationalTrainNumber>2001</OperationalTrainNumber>
      <NetworkSpecificParameter>
        <Name>CZPassengerServiceNumber</Name>
        <Value>5205</Value>
      </NetworkSpecificParameter>
      <NetworkSpecificParameter>
        <Name>CZPublicService</Name>
        <Value>1</Value>
      </NetworkSpecificParameter>
      <NetworkSpecificParameter>
        <Name>CZPassengerPublicTransportOrderingCoName</Name>
        <Value>Královéhradecký kraj</Value>
      </NetworkSpecificParameter>
      <NetworkSpecificParameter>
        <Name>CZAlternativeTransport</Name>
        <Value>0</Value>
      </NetworkSpecificParameter>
    </CZPTTLocation>
    <PlannedCalendar>
      <BitmapDays>111000011100001100000110000011000001100000110000011000001100000110011011000001100000110000011000001100000110000011000001100000110000011000001100000110001011</BitmapDays>
      <ValidityPeriod>
        <StartDateTime>2023-04-29T00:00:00</StartDateTime>
        <EndDateTime>2023-10-01T00:00:00</EndDateTime>
      </ValidityPeriod>
    </PlannedCalendar>
  </CZPTTInformation>
  <NetworkSpecificParameter>
    <Name>CZIPTS</Name>
    <Value>18|CZ54300||CZ55320||</Value>
  </NetworkSpecificParameter>
  <NetworkSpecificParameter>
    <Name>CZIPTS</Name>
    <Value>9|CZ54300||CZ55320||</Value>
  </NetworkSpecificParameter>
  <NetworkSpecificParameter>
    <Name>CZIPTS</Name>
    <Value>51|CZ54300||CZ55360||</Value>
  </NetworkSpecificParameter>
  <NetworkSpecificParameter>
    <Name>CZIPTS</Name>
    <Value>57|CZ55360||CZ55390||</Value>
  </NetworkSpecificParameter>
  <NetworkSpecificParameter>
    <Name>CZIPTS</Name>
    <Value>52|CZ55390||CZ55630||</Value>
  </NetworkSpecificParameter>
  <NetworkSpecificParameter>
    <Name>CZIPTS</Name>
    <Value>58|CZ55630||CZ53120||</Value>
  </NetworkSpecificParameter>
  <NetworkSpecificParameter>
    <Name>CZCentralPTTNote</Name>
    <Value>22|CZ54300||CZ53120||0|</Value>
  </NetworkSpecificParameter>
  <NetworkSpecificParameter>
    <Name>CZCentralPTTNote</Name>
    <Value>17|CZ54300||CZ53120||0|</Value>
  </NetworkSpecificParameter>
  <NetworkSpecificParameter>
    <Name>CZNonCentralPTTNote</Name>
    <Value>CZ54300||CZ53120||dopravce České dráhy, a.s.|2|3|0|0|</Value>
  </NetworkSpecificParameter>
</CZPTTCISMessage>