<?xml version="1.0"?>
<CZPTTCISMessage xmlns:xsd="http://www.w3.org/2001/XMLSchema" xmlns:xsi="http://www.w3.org/2001/XMLSchema-instance">
  <Identifiers>
    <PlannedTransportIdentifiers>
      <ObjectType>PA</ObjectType>
      <Company>0054</Company>
      <Core>KT----10111A</Core>
      <Variant>00</Variant>
      <TimetableYear>2023</TimetableYear>
    </PlannedTransportIdentifiers>
    <PlannedTransportIdentifiers>
      <ObjectType>TR</ObjectType>
      <Company>1154</Company>
      <Core>KASO---1230A</Core>
      <Variant>01</Variant>
      <TimetableYear>2023</TimetableYear>
    </PlannedTransportIdentifiers>
  </Identifiers>
  <CZPTTCreation>2022-11-26T10:32:00</CZPTTCreation>
  <CZPTTHeader />
  <CZPTTInformation>
    <CZPTTLocation>
      <Location>
        <CountryCodeISO>CZ</CountryCodeISO>
        <LocationPrimaryCode>53414</LocationPrimaryCode>
        <PrimaryLocationName>Kolín</PrimaryLocationName>
        <LocationSubsidiaryIdentification>
          <LocationSubsidiaryCode LocationSubsidiaryTypeCode="1">114</LocationSubsidiaryCode>
          <AllocationCompany>0054</AllocationCompany>
        </LocationSubsidiaryIdentification>
      </Location>
      <TimingAtLocation>
        <Timing TimingQualifierCode="ALD">
          <Time>17:41:00.0000000+01:00</Time>
          <Offset>0</Offset>
        </Timing>
      </TimingAtLocation>
      <ResponsibleRU>1154</ResponsibleRU>
      <ResponsibleIM>54</ResponsibleIM>
      <TrainType>1</TrainType>
      <TrafficType>C4</TrafficType>
      <OperationalTrainNumber>2483</OperationalTrainNumber>
      <NetworkSpecificParameter>
        <Name>CZPublicService</Name>
        <Value>1</Value>
      </NetworkSpecificParameter>
      <NetworkSpecificParameter>
        <Name>CZPassengerPublicTransportOrderingCoName</Name>
        <Value>Středočeský kraj</Value>
      </NetworkSpecificParameter>
      <NetworkSpecificParameter>
        <Name>CZAlternativeTransport</Name>
        <Value>0</Value>
      </NetworkSpecificParameter>
    </CZPTTLocation>
    <CZPTTLocation>
      <Location>
        <CountryCodeISO>CZ</CountryCodeISO>
        <LocationPrimaryCode>58007</LocationPrimaryCode>
        <PrimaryLocationName>Kolín seř.n.</PrimaryLocationName>
        <LocationSubsidiaryIdentification>
          <LocationSubsidiaryCode LocationSubsidiaryTypeCode="1">40</LocationSubsidiaryCode>
          <AllocationCompany>0054</AllocationCompany>
        </LocationSubsidiaryIdentification>
      </Location>
      <TimingAtLocation>
        <Timing TimingQualifierCode="ALA">
          <Time>17:42:30.0000000+01:00</Time>
          <Offset>0</Offset>
        </Timing>
        <Timing TimingQualifierCode="ALD">
          <Time>17:42:30.0000000+01:00</Time>
          <Offset>0</Offset>
        </Timing>
      </TimingAtLocation>
      <ResponsibleRU>1154</ResponsibleRU>
      <ResponsibleIM>54</ResponsibleIM>
      <TrainType>1</TrainType>
      <TrafficType>C4</TrafficType>
      <OperationalTrainNumber>2483</OperationalTrainNumber>
      <NetworkSpecificParameter>
        <Name>CZPublicService</Name>
        <Value>1</Value>
      </NetworkSpecificParameter>
      <NetworkSpecificParameter>
        <Name>CZPassengerPublicTransportOrderingCoName</Name>
        <Value>Středočeský kraj</Value>
      </NetworkSpecificParameter>
      <NetworkSpecificParameter>
        <Name>CZAlternativeTransport</Name>
        <Value>0</Value>
      </NetworkSpecificParameter>
    </CZPTTLocation>
    <CZPTTLocation>
      <Location>
        <CountryCodeISO>CZ</CountryCodeISO>
        <LocationPrimaryCode>54024</LocationPrimaryCode>
        <PrimaryLocationName>Hlízov</PrimaryLocationName>
      </Location>
      <TimingAtLocation>
        <Timing TimingQualifierCode="ALA">
          <Time>17:47:30.0000000+01:00</Time>
          <Offset>0</Offset>
        </Timing>
        <Timing TimingQualifierCode="ALD">
          <Time>17:47:30.0000000+01:00</Time>
          <Offset>0</Offset>
        </Timing>
      </TimingAtLocation>
      <ResponsibleRU>1154</ResponsibleRU>
      <ResponsibleIM>54</ResponsibleIM>
      <TrainType>1</TrainType>
      <TrafficType>C4</TrafficType>
      <OperationalTrainNumber>2483</OperationalTrainNumber>
      <NetworkSpecificParameter>
        <Name>CZPublicService</Name>
        <Value>1</Value>
      </NetworkSpecificParameter>
      <NetworkSpecificParameter>
        <Name>CZPassengerPublicTransportOrderingCoName</Name>
        <Value>Středočeský kraj</Value>
      </NetworkSpecificParameter>
      <NetworkSpecificParameter>
        <Name>CZAlternativeTransport</Name>
        <Value>0</Value>
      </NetworkSpecificParameter>
    </CZPTTLocation>
    <CZPTTLocation>
      <Location>
        <CountryCodeISO>CZ</CountryCodeISO>
        <LocationPrimaryCode>54014</LocationPrimaryCode>
        <PrimaryLocationName>Kutná Hora hl. n.</PrimaryLocationName>
        <LocationSubsidiaryIdentification>
          <LocationSubsidiaryCode LocationSubsidiaryTypeCode="1">13</LocationSubsidiaryCode>
          <AllocationCompany>0054</AllocationCompany>
        </LocationSubsidiaryIdentification>
      </Location>
      <TimingAtLocation>
        <Timing TimingQualifierCode="ALA">
          <Time>17:51:00.0000000+01:00</Time>
          <Offset>0</Offset>
        </Timing>
        <Timing TimingQualifierCode="ALD">
          <Time>18:04:00.0000000+01:00</Time>
          <Offset>0</Offset>
        </Timing>
        <DwellTime>13</DwellTime>
      </TimingAtLocation>
      <ResponsibleRU>1154</ResponsibleRU>
      <ResponsibleIM>54</ResponsibleIM>
      <TrainType>1</TrainType>
      <TrafficType>11</TrafficType>
      <CommercialTrafficType>84</CommercialTrafficType>
      <TrainActivity>
        <TrainActivityType>0001</TrainActivityType>
      </TrainActivity>
      <OperationalTrainNumber>2483</OperationalTrainNumber>
      <NetworkSpecificParameter>
        <Name>CZPassengerServiceNumber</Name>
        <Value>1028</Value>
      </NetworkSpecificParameter>
      <NetworkSpecificParameter>
        <Name>CZPublicService</Name>
        <Value>1</Value>
      </NetworkSpecificParameter>
      <NetworkSpecificParameter>
        <Name>CZPassengerPublicTransportOrderingCoName</Name>
        <Value>Středočeský kraj</Value>
      </NetworkSpecificParameter>
      <NetworkSpecificParameter>
        <Name>CZAlternativeTransport</Name>
        <Value>0</Value>
      </NetworkSpecificParameter>
    </CZPTTLocation>
    <CZPTTLocation>
      <Location>
        <CountryCodeISO>CZ</CountryCodeISO>
        <LocationPrimaryCode>54015</LocationPrimaryCode>
        <PrimaryLocationName>K.Hora hl.n.náv.L11a</PrimaryLocationName>
        <LocationSubsidiaryIdentification>
          <LocationSubsidiaryCode LocationSubsidiaryTypeCode="1">11a</LocationSubsidiaryCode>
          <AllocationCompany>0054</AllocationCompany>
        </LocationSubsidiaryIdentification>
      </Location>
      <TimingAtLocation>
        <Timing TimingQualifierCode="ALA">
          <Time>18:05:30.0000000+01:00</Time>
          <Offset>0</Offset>
        </Timing>
        <Timing TimingQualifierCode="ALD">
          <Time>18:07:00.0000000+01:00</Time>
          <Offset>0</Offset>
        </Timing>
        <DwellTime>1.5</DwellTime>
      </TimingAtLocation>
      <ResponsibleRU>1154</ResponsibleRU>
      <ResponsibleIM>54</ResponsibleIM>
      <TrainType>1</TrainType>
      <TrafficType>11</TrafficType>
      <CommercialTrafficType>84</CommercialTrafficType>
      <TrainActivity>
        <TrainActivityType>0002</TrainActivityType>
      </TrainActivity>
      <OperationalTrainNumber>2483</OperationalTrainNumber>
      <NetworkSpecificParameter>
        <Name>CZPassengerServiceNumber</Name>
        <Value>1028</Value>
      </NetworkSpecificParameter>
      <NetworkSpecificParameter>
        <Name>CZPublicService</Name>
        <Value>1</Value>
      </NetworkSpecificParameter>
      <NetworkSpecificParameter>
        <Name>CZPassengerPublicTransportOrderingCoName</Name>
        <Value>Středočeský kraj</Value>
      </NetworkSpecificParameter>
      <NetworkSpecificParameter>
        <Name>CZAlternativeTransport</Name>
        <Value>0</Value>
      </NetworkSpecificParameter>
    </CZPTTLocation>
    <CZPTTLocation>
      <Location>
        <CountryCodeISO>CZ</CountryCodeISO>
        <LocationPrimaryCode>56376</LocationPrimaryCode>
        <PrimaryLocationName>Kutná Hora-Sedlec</PrimaryLocationName>
      </Location>
      <TimingAtLocation>
        <Timing TimingQualifierCode="ALA">
          <Time>18:09:00.0000000+01:00</Time>
          <Offset>0</Offset>
        </Timing>
        <Timing TimingQualifierCode="ALD">
          <Time>18:09:00.0000000+01:00</Time>
          <Offset>0</Offset>
        </Timing>
      </TimingAtLocation>
      <ResponsibleRU>1154</ResponsibleRU>
      <ResponsibleIM>54</ResponsibleIM>
      <TrainType>1</TrainType>
      <TrafficType>11</TrafficType>
      <CommercialTrafficType>84</CommercialTrafficType>
      <TrainActivity>
        <TrainActivityType>0001</TrainActivityType>
      </TrainActivity>
      <TrainActivity>
        <TrainActivityType>CZ02</TrainActivityType>
      </TrainActivity>
      <TrainActivity>
        <TrainActivityType>0030</TrainActivityType>
      </TrainActivity>
      <OperationalTrainNumber>2483</OperationalTrainNumber>
      <NetworkSpecificParameter>
        <Name>CZPassengerServiceNumber</Name>
        <Value>1028</Value>
      </NetworkSpecificParameter>
      <NetworkSpecificParameter>
        <Name>CZPublicService</Name>
        <Value>1</Value>
      </NetworkSpecificParameter>
      <NetworkSpecificParameter>
        <Name>CZPassengerPublicTransportOrderingCoName</Name>
        <Value>Středočeský kraj</Value>
      </NetworkSpecificParameter>
      <NetworkSpecificParameter>
        <Name>CZAlternativeTransport</Name>
        <Value>0</Value>
      </NetworkSpecificParameter>
    </CZPTTLocation>
    <CZPTTLocation>
      <Location>
        <CountryCodeISO>CZ</CountryCodeISO>
        <LocationPrimaryCode>56346</LocationPrimaryCode>
        <PrimaryLocationName>Kutná Hora město</PrimaryLocationName>
        <LocationSubsidiaryIdentification>
          <LocationSubsidiaryCode LocationSubsidiaryTypeCode="1">2</LocationSubsidiaryCode>
          <AllocationCompany>0054</AllocationCompany>
        </LocationSubsidiaryIdentification>
      </Location>
      <TimingAtLocation>
        <Timing TimingQualifierCode="ALA">
          <Time>18:12:00.0000000+01:00</Time>
          <Offset>0</Offset>
        </Timing>
      </TimingAtLocation>
      <ResponsibleRU>1154</ResponsibleRU>
      <ResponsibleIM>54</ResponsibleIM>
      <TrainType>1</TrainType>
      <TrafficType>11</TrafficType>
      <CommercialTrafficType>84</CommercialTrafficType>
      <TrainActivity>
        <TrainActivityType>0001</TrainActivityType>
      </TrainActivity>
      <OperationalTrainNumber>2483</OperationalTrainNumber>
      <NetworkSpecificParameter>
        <Name>CZPassengerServiceNumber</Name>
        <Value>1028</Value>
      </NetworkSpecificParameter>
      <NetworkSpecificParameter>
        <Name>CZPublicService</Name>
        <Value>1</Value>
      </NetworkSpecificParameter>
      <NetworkSpecificParameter>
        <Name>CZPassengerPublicTransportOrderingCoName</Name>
        <Value>Středočeský kraj</Value>
      </NetworkSpecificParameter>
      <NetworkSpecificParameter>
        <Name>CZAlternativeTransport</Name>
        <Value>0</Value>
      </NetworkSpecificParameter>
    </CZPTTLocation>
    <PlannedCalendar>
      <BitmapDays>1</BitmapDays>
      <ValidityPeriod>
        <StartDateTime>2023-09-28T00:00:00</StartDateTime>
        <EndDateTime>2023-09-28T00:00:00</EndDateTime>
      </ValidityPeriod>
    </PlannedCalendar>
  </CZPTTInformation>
  <NetworkSpecificParameter>
    <Name>CZIPTS</Name>
    <Value>20|CZ54014||CZ56346||</Value>
  </NetworkSpecificParameter>
  <NetworkSpecificParameter>
    <Name>CZIPTS</Name>
    <Value>27|CZ54014||CZ56346||</Value>
  </NetworkSpecificParameter>
  <NetworkSpecificParameter>
    <Name>CZCentralPTTNote</Name>
    <Value>22|CZ54014||CZ56346||0|</Value>
  </NetworkSpecificParameter>
  <NetworkSpecificParameter>
    <Name>CZCentralPTTNote</Name>
    <Value>17|CZ53414||CZ56346||0|</Value>
  </NetworkSpecificParameter>
  <NetworkSpecificParameter>
    <Name>CZNonCentralPTTNote</Name>
    <Value>CZ53414||CZ56346||dopravce České dráhy, a.s.|2|3|0|0|</Value>
  </NetworkSpecificParameter>
</CZPTTCISMessage>